perfumeLabel,perfumerLabel
1 Million,Christophe Raynaud
1 Million,Michel Girard
1 Million,Olivier Pescheux
1740,Gerald Ghislain
1828,Gerald Ghislain
1899,Gerald Ghislain
1969,Gerald Ghislain
1969,Sylvie Jourdet
724,Francis Kurkdjian
A City on Fire,Josh Meyer
A*Men,Jacques Huclier
Aleksandr,Yann Vasnier
Alien,Dominique Ropion
Alien,Laurent Bruyère
Allure,Jacques Polge
Allure Homme,Jacques Polge
Amarige,Dominique Ropion
Amazingreen,Jean-Christophe Hérault
Ambre Antique,François Coty
Ambre Narguilé,Jean-Claude Ellena
Ambre Nuit,François Demachy
Ambre Sultan,Christopher Sheldrake
Ambrette 9,Michel Almairac
Amyris Femme,Francis Kurkdjian
Angel,Olivier Cresp
Angel,Yves de Chirin
Angel Muse,Quentin Bisch
Angels' Share,Benoist Lapouza
Angélique Noire,Daniela Andrier
Angéliques Sous La Pluie,Jean-Claude Ellena
Ani,Cécile Zarokian
Anima Dulcis,Rodrigo Flores-Roux
Anima Dulcis,Yann Vasnier
Another 13,Nathalie Lorson
Antaeus,Jacques Polge
Apple Brandy,Sidonie Lancesseur
Après l'Ondée,Jacques Guerlain
Aqua Allegoria Pamplelune,Mathilde Laurent
Aqua Celestia,Francis Kurkdjian
Aqua Universalis,Francis Kurkdjian
Aqua Vitae,Francis Kurkdjian
Aqva Pour Homme,Jacques Cavallier
Arabians Tonka,Pierre Montale
Arabie,Christopher Sheldrake
Aramis,Bernard Chant
Aromatics Elixir,Bernard Chant
Arpège,Paul Vacher
Au Coeur du Désert,Andy Tauer
Aura Mugler,Amandine Clerc-Marie
Aura Mugler,Christophe Raynaud
Aura Mugler,Daphne Bugey
Aura Mugler,Marie Salamagne
Autumn 25,Elodie Durande
Avignon,Bertrand Duchaufour
Azurée,Bernard Chant
Baccarat Rouge 540,Francis Kurkdjian
Back to Black,Calice Becker
Bad Boy,Louise Turner
Bad Boy,Quentin Bisch
Baie 19,Frank Voelkl
Baiser Volé,Mathilde Laurent
Bal d'Afrique,Jerome Epinette
Baraonda,Alessandro Gualtieri
Beach Hut Man,Elise Benat
Because I'm Free,Luca Gritti
Bee,Cristiano Canali
Bel Ami,Jean-Louis Sieuzac
Bergamask,Alessandro Gualtieri
Bergamote 22,Daphne Bugey
Bianco Latte,Silvia Martinelli
Bibliothèque,Jerome Epinette
Bigarade Concentrée,Jean-Claude Ellena
Bitter Peach,Guillaume Flavigny
Black Afgano,Alessandro Gualtieri
Black Aoud,Pierre Montale
Black Opium,Honorine Blanc
Black Opium,Marie Salamagne
Black Opium,Nathalie Lorson
Black Opium,Olivier Cresp
Black Orchid,David Apel
Black Orchid,Pierre Negrin
Black Pepper,Antoine Lie
Black Phantom,Sidonie Lancesseur
Blackberry & Bay,Fabrice Pellegrin
Blamage,Alessandro Gualtieri
Blanche,Jerome Epinette
Bleu de Chanel,Jacques Polge
Blondpurple,Arnaud Poulain
Bois d'Argent,Annick Ménardo
Bois des Îles,Ernest Beaux
Bois Impérial,Quentin Bisch
Bonbon,Cécile Matton
Bonbon,Serge Majoullier
Borneo 1834,Christopher Sheldrake
BOSS ALIVE,Annick Ménardo
Boutonniere No. 7,Rodrigo Flores-Roux
Bowmakers,David Seth Moltz
Boy Chanel,Olivier Polge
Brutus,Alessandro Gualtieri
Bvlgari Black,Annick Ménardo
Bvlgari Man,Alberto Morillas
Bvlgari Pour Homme,Jacques Cavallier
By the Fireplace,Marie Salamagne
Cadavre Exquis,Antonio Gardoni
Cadavre Exquis,Bruno Fazzolari
Calèche,Guy Robert
Camel,Christian Carbonnel
Cap Néroli,Patricia de Nicolaï
Cape Heartache,Josh Meyer
Carnal Flower,Dominique Ropion
Cedrat Boise,Pierre Montale
Chamade,Jean-Paul Guerlain
Chance,Jacques Polge
Chanel No. 18,Jacques Polge
Chanel No. 19,Henri Robert
Chanel No. 22,Ernest Beaux
Chanel No. 5,Ernest Beaux
Chanel No. 5 L'Eau,Olivier Polge
Chergui,Christopher Sheldrake
China White,Alessandro Gualtieri
Chloé Eau de Parfum,Amandine Clerc-Marie
Chloé Eau de Parfum,Michel Almairac
Civet,Shelley Waddington
CK One,Alberto Morillas
CK One,Harry Fremont
Classique,Jacques Cavallier
Clinique Happy,Jean Claude Delville
Clinique Happy,Rodrigo Flores-Roux
Coco,Jacques Polge
Coco Mademoiselle,Jacques Polge
Coco Noir,Christopher Sheldrake
Coco Noir,Jacques Polge
Cologne Indelebile,Dominique Ropion
Comme des Garçons 2,Mark Buxton
Comme des Garçons 2 Man,Mark Buxton
Cool Water,Pierre Bourdon
Cordon Vert by Coty,François Coty
Coromandel,Christopher Sheldrake
Coromandel,Jacques Polge
Corpse Reviver,Bruno Fazzolari
Counterplay,Christelle Laprade
Cow,Nathalie Feisthauer
Cowboy Grass,David Seth Moltz
Cristalle,Henri Robert
Cuir Beluga,Olivier Polge
Cuir de Russie,Ernest Beaux
Cuir InfraRouge,Jordi Fernández
Daisy,Alberto Morillas
Dans Tes Bras,Maurice Roucel
De Los Santos,Jerome Epinette
Debaser,David Seth Moltz
Decadence,Ann Gottlieb
Decadence,Annie Buzantian
Delina,Quentin Bisch
Derby,Jean-Paul Guerlain
Dior Homme,Olivier Polge
Dior Homme Intense,François Demachy
Diorama,Edmond Roudnitska
Diorella,Edmond Roudnitska
Diorissimo,Edmond Roudnitska
Diorling,Paul Vacher
Divine Vanille,Olivier Pescheux
Do Son,Fabrice Pellegrin
Dries Van Noten par Frédéric Malle,Bruno Jovanovic
Dune,Jean-Louis Sieuzac
Dune,Maurice Roger
Duro,Alessandro Gualtieri
Dzing!,Olivia Giacobetti
Dzongkha,Bertrand Duchaufour
Déclaration,Jean-Claude Ellena
Eau d'Hermès,Edmond Roudnitska
Eau d'Orange Verte,Françoise Caron
Eau de Rhubarbe Écarlate,Christine Nagel
Eau des Merveilles,Nathalie Feisthauer
Eau des Merveilles,Ralf Schwieger
Eau Duelle,Fabrice Pellegrin
Eau Parfumée au Thé Blanc,Jacques Cavallier
Eau Parfumée au Thé Vert,Jean-Claude Ellena
Eau Rose,Fabrice Pellegrin
Eau Sauvage,Edmond Roudnitska
Ege,Ilias Ermenidis
Emeraude by Coty,François Coty
En Passant,Olivia Giacobetti
English Pear & Freesia,Christine Nagel
Epic Man,Randa Hammami
Epic Woman,Daniel Maurel
Equipage,Guy Robert
Escentric 01,Geza Schoen
Escentric 02,Geza Schoen
Escentric 03,Geza Schoen
Escentric 04,Geza Schoen
Escentric 05,Geza Schoen
Eternity,Sophia Grojsman
Euphoria,Carlos Benaim
Euphoria,Dominique Ropion
Euphoria,Loc Dong
Every Storm a Serenade,Josh Meyer
Exit the King,Cécile Matton
Exit the King,Ralf Schwieger
Fahrenheit,Jean-Louis Sieuzac
Fahrenheit,Maurice Roger
Fan Your Flames,Jorge Lee
Fat Electrician,Antoine Maisondieu
Femme,Edmond Roudnitska
Fig Tea,Patricia de Nicolaï
Fleur de Peau,Olivier Pescheux
Fleurs d'Oranger,Christopher Sheldrake
Flower by Kenzo,Alberto Morillas
Flowerbomb,Carlos Benaim
Flowerbomb,Dominique Ropion
Flowerbomb,Domitille Michalon Bertier
Flowerbomb,Olivier Polge
For Her,Christine Nagel
For Her,Francis Kurkdjian
For Him,Francis Kurkdjian
Fracas,Germaine Cellier
French Lover,Pierre Bourdon
Fucking Fabulous,Olivier Gillotin
Féminité du Bois,Christopher Sheldrake
Féminité du Bois,Pierre Bourdon
Gabrielle Chanel,Olivier Polge
Galop d'Hermès,Christine Nagel
Ganymede,Quentin Bisch
Gardenia,Ernest Beaux
Gaultier 2,Francis Kurkdjian
Gentle Fluidity Gold,Francis Kurkdjian
Geranium Pour Monsieur,Dominique Ropion
God Bless Cola,Camille Chemardin
God Bless Cola,Elia Chiche
Gold Man,Guy Robert
Gold Woman,Guy Robert
Good Girl,Louise Turner
Good Girl Gone Bad,Alberto Morillas
Grand Soir,Francis Kurkdjian
Gris Dior,François Demachy
Gypsy Water,Jerome Epinette
H24,Christine Nagel
Habit Rouge,Jean-Paul Guerlain
Hacivat,Jorge Lee
Heaven Can Wait,Jean-Claude Ellena
Hermann A Mes Cotes Me Paraissait Une Ombre,Quentin Bisch
Hermessence Osmanthe Yunnan,Jean-Claude Ellena
Hermessence Rose Ikebana,Jean-Claude Ellena
Hermessence Vétiver Tonka,Jean-Claude Ellena
Herod,Olivier Pescheux
Hinoki,Antoine Maisondieu
Hummingbird,Shelley Waddington
Hundred Silent Ways,Jorge Lee
Hypnotic Poison,Annick Ménardo
Hypnôse,Annick Ménardo
Hypnôse,Thierry Wasser
Héritage,Jean-Paul Guerlain
I Don't Know What,David Seth Moltz
Idôle,Adriana Medina
Idôle,Nadège Le Garlantezec
Idôle,Shyamala Maisondieu
Incense Rosé,Andy Tauer
Infusion d'Iris,Daniela Andrier
Intense Café,Pierre Montale
Interlude Man,Pierre Negrin
Interlude Woman,Karine Vinchon-Spehner
Intoxicated,Calice Becker
Invictus,Anne Flipo
Invictus,Dominique Ropion
Invictus,Olivier Polge
Invictus,Véronique Nyberg
Iris 39,Frank Voelkl
Iris Poudre,Pierre Bourdon
Iris Silver Mist,Maurice Roucel
J'adore,Calice Becker
Jasmin de Corse,François Coty
Jazz Club,Alienor Massenet
Jicky,Aimé Guerlain
Joy,Henri Alméras
Jubilation XXV,Bertrand Duchaufour
Kelly Calèche,Jean-Claude Ellena
Kenzo Jungle L'Éléphant,Dominique Ropion
Knize Ten,François Coty
Kouros,Pierre Bourdon
Kyoto,Bertrand Duchaufour
L'Air du Désert Marocain,Andy Tauer
L'Air du Temps,Francis Fabron
L'Eau d'Hiver,Jean-Claude Ellena
L'Eau d'Issey,Jacques Cavallier
L'Eau d'Issey Pour Homme,Jacques Cavallier
L'Envol de Cartier,Mathilde Laurent
L'Etrog,Rodrigo Flores-Roux
L'Heure Bleue,Jacques Guerlain
L'Homme Prada,Daniela Andrier
L'Instant de Guerlain,Maurice Roucel
L'Interdit,Francis Fabron
L'Origan by Coty,François Coty
La Belle,Quentin Bisch
La Belle,Sonia Constant
La Myrrhe,Christopher Sheldrake
La Nuit de L'Homme,Anne Flipo
La Nuit de L'Homme,Dominique Ropion
La Nuit de L'Homme,Pierre Wargnye
La Panthère,Mathilde Laurent
La Petite Robe Noire,Thierry Wasser
La Rose Jacqueminot,François Coty
La Vie Est Belle,Anne Flipo
La Vie Est Belle,Dominique Ropion
La Vie Est Belle,Olivier Polge
Lady Million,Anne Flipo
Lady Million,Beatrice Piquet
Lady Million,Bruno Jovanovic
Lady Million,Dominique Ropion
Lampblack,Bruno Fazzolari
Layton,Hamid Merati-Kashani
Lazy Sunday Morning,Louise Turner
Le Beau,Quentin Bisch
Le Beau,Sonia Constant
Le Chypre de Coty,François Coty
Le Male,Francis Kurkdjian
Libre,Anne Flipo
Libre,Carlos Benaim
Like This,Mathilde Bijaoui
Liu,Jacques Guerlain
Lola,Calice Becker
Lolita Lempicka,Annick Ménardo
Lonestar Memories,Andy Tauer
Lost Cherry,Louise Turner
"Love, Chloé",Louise Turner
"Love, Chloé",Nathalie Gracia-Cetto
"Love, Don't Be Shy",Calice Becker
Luciano Pavarotti,David Apel
Lumière Noire,Francis Kurkdjian
Luna Rossa,Daniela Andrier
Lune Rose,Adelle Stripe
Lys 41,Daphne Bugey
Lys Méditerranée,Edouard Fléchier
M7,Alberto Morillas
M7,Jacques Cavallier
Maai,Antonio Gardoni
Megamare,Alessandro Gualtieri
Memoir Man,Karine Vinchon-Spehner
Memoirs of a Trespasser,Josh Meyer
Mimosa & Cardamom,Marie Salamagne
Miracle,Alberto Morillas
Miracle,Harry Fremont
Misia,Olivier Polge
Miss Dior,Jean Carles
Miss Dior,Paul Vacher
Miss Dior Chérie,Christine Nagel
Mississippi Medicine,David Seth Moltz
Mitsouko,Jacques Guerlain
Mixed Emotions,Jerome Epinette
Mojave Ghost,Jerome Epinette
Molecule 01,Geza Schoen
Molecule 02,Geza Schoen
Molecule 03,Geza Schoen
Molecule 04,Geza Schoen
Molecule 05,Geza Schoen
Mon Guerlain,Delphine Jelk
Mon Guerlain,Thierry Wasser
Montabaco,Geza Schoen
Moonlight in Heaven,Calice Becker
Moth,Tomoo Inaba
Mouchoir de Monsieur,Jacques Guerlain
Mumbai Noise,Jerome Epinette
Musc Intense,Patricia de Nicolaï
Musc Noir For Her,Sonia Constant
Musc Ravageur,Maurice Roucel
Myrrh & Tonka,Mathilde Bijaoui
Mûre et Musc,Jean Laporte
Nahema,Jean-Paul Guerlain
Nanban,Rodrigo Flores-Roux
Narciso,Aurelien Guichard
Narciso Poudrée,Aurelien Guichard
Narciso Rodriguez For Her,Christine Nagel
Narciso Rodriguez For Her,Francis Kurkdjian
Narcisse Noir,Ernest Daltroff
Narcotic V.,Alessandro Gualtieri
Nawab of Oudh,Geza Schoen
Neroli Portofino,Rodrigo Flores-Roux
New Look,Francis Kurkdjian
New York Intense,Patricia de Nicolaï
Nice Bergamote,Antoine Maisondieu
Nightingale,Tomoo Inaba
Nina,Jacques Cavallier
Nina,Olivier Cresp
Noir de Noir,Harry Fremont
Noir de Noir,Jacques Cavallier
Noir Epices,Michel Roudnitska
Nomade,Quentin Bisch
Noontide Petals,Andy Tauer
Nuit de Tubéreuse,Bertrand Duchaufour
Obsession,Jean Guichard
Odalisque,Patricia de Nicolaï
Odeur 53,Martine Pallix
Olympéa,Anne Flipo
Olympéa,Dominique Ropion
Olympéa,Loc Dong
Omnia Crystalline,Alberto Morillas
Orange X Santal,Nathalie Gracia-Cetto
Organza,Sophie Labbé
Oriana,Hamid Merati-Kashani
Oriana,Nathalie Lorson
Ormonde Woman,Geza Schoen
Orphéon,Olivier Pescheux
Oud 27,Alberto Morillas
Oud Satin Mood,Francis Kurkdjian
Oud Wood,Richard Herpin
Pardon,Alessandro Gualtieri
Paris,Sophia Grojsman
Paris-Biarritz,Olivier Polge
Paris-Riviera,Olivier Polge
Paris-Venise,Olivier Polge
Paris-Édimbourg,Olivier Polge
Passage d'Enfer,Olivia Giacobetti
Patchouli 24,Annick Ménardo
Patchouli Intense,Patricia de Nicolaï
Patchouli Sublime,Patricia de Nicolaï
Pegasus,Hamid Merati-Kashani
Peony & Blush Suede,Christine Nagel
Perfect,Domitille Michalon Bertier
Petits et Mamans,Nathalie Lorson
PHI Une Rose de Kandahar,Andy Tauer
Philosykos,Olivia Giacobetti
Pi,Alberto Morillas
Pistachio,David Seth Moltz
Pleasures,Alberto Morillas
Pleasures,Annie Buzantian
Poison,Edouard Fléchier
Portrait of a Lady,Dominique Ropion
Pour Monsieur,Henri Robert
Pour un homme,Ernest Daltroff
Poême,Jacques Cavallier
Prada Amber,Daniela Andrier
Prada Candy,Daniela Andrier
Prada Paradoxe,Antoine Maisondieu
Prada Paradoxe,Nadège Le Garlantezec
Prada Paradoxe,Shyamala Maisondieu
Premier Figuier,Olivia Giacobetti
Premier Jour,Carlos Benaim
Premier Jour,Rosendo Mateu
Premier Jour,Sophie Labbé
Promise,Dominique Ropion
Pulp,Jerome Epinette
Pure Musc For Her,Sonia Constant
Putain des Palaces,Nathalie Feisthauer
Radio Bombay,David Seth Moltz
Red Tobacco,Pierre Montale
Reflection Man,Lucas Sieuzac
Ricci Ricci,Aurelien Guichard
Ricci Ricci,Jacques Huclier
Rien,Antoine Lie
Rive Gauche,Jacques Polge
Rolling in Love,Pascal Gaurin
Rose 31,Daphne Bugey
Rose Atlantic,David Seth Moltz
Rose Magnetic,Sophie Labbé
Rose of No Man's Land,Jerome Epinette
Roses Vanille,Pierre Montale
Sacred Scarab,Sultan Pasha
Safanad,Fabrice Pellegrin
Safran Secret,Gaël Montero
Saint Julep,Josh Meyer
Samsara,Jean-Paul Guerlain
Santal 33,Frank Voelkl
Santal Blush,Yann Vasnier
Sauvage,François Demachy
Seahorse,Julien Rasquinet
Seminalis,Alessandro Gualtieri
Shalimar,Jacques Guerlain
Shalimar Souffle de Parfum,Thierry Wasser
Snowy Owl,Dawn Spencer Hurwitz
Spicebomb,Olivier Polge
Spiritueuse Double Vanille,Jean-Paul Guerlain
Squid,Celine Barel
Straight to Heaven,Sidonie Lancesseur
Sultan Vetiver,Jorge Lee
Super Cedar,Jerome Epinette
Sycomore,Christopher Sheldrake
Sycomore,Jacques Polge
Sydney Rock Pool,Rodrigo Flores-Roux
Synthetic Jungle,Anne Flipo
Sécrétions Magnifiques,Antoine Lie
Ta'if,Geza Schoen
Tam Dao,Daniel Molière
Tea for Two,Olivia Giacobetti
Tempo,Olivier Pescheux
Terre d'Hermès,Jean-Claude Ellena
Terroni,Alessandro Gualtieri
The Afternoon of a Faun,Ralf Schwieger
The Architects Club,Yann Vasnier
The Moon,Julien Rasquinet
The Musc,Calice Becker
The Night,Dominique Ropion
Thé Noir 29,Frank Voelkl
Timbuktu,Bertrand Duchaufour
Tobacco Vanille,Olivier Gillotin
Tobacolor,François Demachy
Tolu,Geza Schoen
Tom Ford for Men,Yves Cassar
Tom of Finland,Antoine Lie
Tonka Cola,Pierre Montale
Trésor,Sophia Grojsman
Tuscan Leather,Harry Fremont
Tuxedo,Juliette Karagueuzoglou
Twilly d'Hermès,Christine Nagel
Tyrannosaurus Rex,Antonio Gardoni
Ultra Male,Francis Kurkdjian
Ultraviolet,Jacques Cavallier
Un Bois Vanille,Christopher Sheldrake
Un Jardin après la Mousson,Jean-Claude Ellena
Un Jardin en Méditerranée,Jean-Claude Ellena
Un Jardin sur le Nil,Jean-Claude Ellena
Une Rose,Edouard Fléchier
Une Rose Chyprée,Andy Tauer
Vanilla Diorama,François Demachy
Vanille Antique,Jerome Epinette
Very Good Girl,Quentin Bisch
Vetiver,Jean-Paul Guerlain
Vetiver Extraordinaire,Dominique Ropion
Vodka on the Rocks,Sidonie Lancesseur
Vol de Nuit,Jacques Guerlain
Volutes,Fabrice Pellegrin
White Diamonds,Carlos Benaim
White Linen,Sophia Grojsman
Wild Bluebell,Christine Nagel
Winter 26,Elodie Durande
With Love... Hilary Duff,Rodrigo Flores-Roux
With Love... Hilary Duff,Stephen Nilsen
Woman in Gold,Calice Becker
Wonderwood,Antoine Lie
Wood Sage & Sea Salt,Christine Nagel
Wūlóng Chá,Jorge Lee
Wūlóng Chá X,Julien Rasquinet
Yesterday Haze,Josh Meyer
Ylang 49,Frank Voelkl
You or Someone Like You,Caroline Sabas
Youth-Dew,Josephine Catapano
Zagorsk,Bertrand Duchaufour
Zelen,Boris Zrnic
Zephyr,Neil Morris
Égoïste,Jacques Polge
